{"cameraMode":{"drawMode":0,"name":"Shaded","section":"Shading Mode"},"sceneLighting":true,"audioPlay":false,"sceneViewState":{"m_AlwaysRefresh":false,"showFog":true,"showSkybox":true,"showFlares":true,"showImageEffects":true,"showParticleSystems":true,"showVisualEffectGraphs":true,"m_FxEnabled":true},"in2DMode":false,"pivot":{"x":175.4741668701172,"y":109.46815490722656,"z":4.8583984375},"rotation":{"x":-0.006309980526566505,"y":0.0005971826612949371,"z":-0.0000049095933718490418,"w":-0.9999903440475464},"size":214.36375427246095,"orthographic":false}